num_logins,days_no_activities,act_per_day,num_online_meetings,avg_due,avg_time_test, ReviewedActivities, StudyingSupplementalMaterialActivities, TotalStudyGuideMaterials,Average number of activites accessed before each test,Procedures Quiz,Surveys,CyberRat Assignments,Unit Discussions paticipation,Fluency Drills paticipation,Crossword paticipation
0.10798077148000002,-0.17239862616000004,-0.01104921008,-0.12050249344000004,0.24198599152,-0.29639294808,-0.34887414463999994,0.13641722396,0.38462413440000004,-0.21131069792,0.3244625044400001,-0.06734180196,-0.19577028407999994,-0.25167818263999997,-0.10844329980000002,-0.34554700796000004
-0.36043065518749995,0.5696476893125002,-0.3980951126875,0.09944637999999997,-0.519570049,0.031142524562499996,-0.01483747287499998,-0.05715331143750001,0.056534087499999996,0.30254801343750004,-0.2738119633125001,-0.09620257412500001,-0.1500393229375,0.2965936414375,-0.1671768529375,0.376764650625
