num_logins,days_no_activities,act_per_day,num_online_meetings,avg_due,avg_time_test, ReviewedActivities, StudyingSupplementalMaterialActivities, TotalStudyGuideMaterials,Average number of activites accessed before each test,Procedures Quiz,Surveys,CyberRat Assignments,Unit Discussions paticipation,Fluency Drills paticipation,Crossword paticipation
75.47619047619048,20.61904761904762,9.310374214476193,3.8095238095238093,1.5332079297142858,51.1920113552381,28.142857142857142,21.523809523809526,53.285714285714285,67.61904761904762,2.857142857142857,4.761904761904762,2.9523809523809526,10.142857142857142,4.285714285714286,1.8571428571428572
70.5,26.5,8.557142907350002,3.8,-0.3638257575500001,61.755354795,25.9,18.2,60.3,74.85,2.65,4.3,4.6,15.85,6.05,2.65
