num_logins,days_no_activities,act_per_day,num_online_meetings,avg_due,avg_time_test, ReviewedActivities, StudyingSupplementalMaterialActivities, TotalStudyGuideMaterials,Average number of activites accessed before each test,Procedures Quiz,Surveys,CyberRat Assignments,Unit Discussions paticipation,Fluency Drills paticipation,Crossword paticipation
89.0,21.36842105263158,9.747702548000001,3.9473684210526314,1.991360978263158,51.50889170526316,31.526315789473685,27.94736842105263,71.15789473684211,68.52631578947368,3.0526315789473686,4.157894736842105,2.8421052631578947,6.631578947368421,4.631578947368421,1.3157894736842106
75.13636363636364,30.40909090909091,8.075036032227272,4.181818181818182,-0.6086809654545454,62.78979387727272,30.636363636363637,16.545454545454547,60.31818181818182,90.81818181818181,2.5,4.863636363636363,4.909090909090909,19.90909090909091,6.909090909090909,3.272727272727273
