above,current,suggested,delta
CyberRat Assignments,0.483908834,-0.19577028407999994,0.6796791180799999
Unit Discussions paticipation,0.054402442,-0.25167818263999997,0.30608062463999997
days_no_activities,1.078035143,-0.17239862616000004,1.25043376916
num_online_meetings,0.318228416,-0.12050249344000004,0.43873090944000004
Average number of activites accessed before each test,0.26236976,-0.21131069792,0.47368045792
Fluency Drills paticipation,0.217517084,-0.10844329980000002,0.32596038380000003
