above,current,suggested,delta
avg_due,1.171457083,0.24198599152,0.92947109148
num_logins,0.434249422,0.10798077148000002,0.32626865052
act_per_day,0.619841446,-0.01104921008,0.6308906560800001
num_online_meetings,3.118638477,-0.12050249344000004,3.2391409704400003
