above,current,suggested,delta
 ReviewedActivities,-0.185790965,-0.34887414463999994,0.16308317963999994
avg_due,0.330477357,0.24198599152,0.08849136548000003
num_logins,2.220197101,0.10798077148000002,2.1122163295200003
 StudyingSupplementalMaterialActivities,0.672791445,0.13641722396,0.53637422104
Unit Discussions paticipation,-0.190854469,-0.25167818263999997,0.06082371363999997
act_per_day,1.283003075,-0.01104921008,1.29405228508
Procedures Quiz,1.936308493,0.3244625044400001,1.61184598856
Average number of activites accessed before each test,0.296204079,-0.21131069792,0.50751477692
 TotalStudyGuideMaterials,2.153378584,0.38462413440000004,1.7687544495999998
