above,current,suggested,delta
CyberRat Assignments,-0.036253756,-0.19577028407999994,0.15951652807999994
avg_due,0.255305985,0.24198599152,0.013319993480000014
