above,current,suggested,delta
CyberRat Assignments,0.050440009,-0.19577028407999994,0.24621029307999995
avg_due,0.631162846,0.24198599152,0.38917685448000006
 StudyingSupplementalMaterialActivities,0.515496952,0.13641722396,0.37907972804
Crossword paticipation,-0.215294086,-0.34554700796000004,0.13025292196000005
days_no_activities,0.121070524,-0.17239862616000004,0.29346915016
Surveys,0.625316731,-0.06734180196,0.6926585329599999
num_online_meetings,0.084860911,-0.12050249344000004,0.20536340444000004
Average number of activites accessed before each test,0.533044308,-0.21131069792,0.74435500592
 TotalStudyGuideMaterials,1.035061519,0.38462413440000004,0.6504373846
