above,current,suggested,delta
avg_time_test,2.126959084,-0.29639294808,2.42335203208
CyberRat Assignments,0.310521304,-0.19577028407999994,0.50629158808
 ReviewedActivities,0.330295048,-0.34887414463999994,0.6791691926399999
avg_due,0.701636007,0.24198599152,0.45965001547999995
Crossword paticipation,0.672794019,-0.34554700796000004,1.01834102696
days_no_activities,0.121070524,-0.17239862616000004,0.29346915016
Average number of activites accessed before each test,0.634547263,-0.21131069792,0.84585796092
Fluency Drills paticipation,0.304208675,-0.10844329980000002,0.4126519748
 TotalStudyGuideMaterials,2.636975152,0.38462413440000004,2.2523510176
