above,current,suggested,delta
 ReviewedActivities,-0.030965161,-0.34887414463999994,0.3179089836399999
avg_due,0.255305985,0.24198599152,0.013319993480000014
num_logins,0.274313809,0.10798077148000002,0.16633303752
 StudyingSupplementalMaterialActivities,0.279555212,0.13641722396,0.14313798804
act_per_day,0.066502566,-0.01104921008,0.07755177608
Crossword paticipation,-0.215294086,-0.34554700796000004,0.13025292196000005
Fluency Drills paticipation,0.130825492,-0.10844329980000002,0.2392687918
 TotalStudyGuideMaterials,0.400341023,0.38462413440000004,0.01571688859999998
