above,current,suggested,delta
avg_due,0.513707577,0.24198599152,0.27172158548
days_no_activities,0.519805782,-0.17239862616000004,0.6922044081600001
