above,current,suggested,delta
avg_time_test,0.701418903,-0.29639294808,0.99781185108
avg_due,0.528656429,0.24198599152,0.28667043748
Crossword paticipation,-0.215294086,-0.34554700796000004,0.13025292196000005
Procedures Quiz,3.581049299,0.3244625044400001,3.25658679456
Surveys,1.587342472,-0.06734180196,1.65468427396
 TotalStudyGuideMaterials,1.09551109,0.38462413440000004,0.7108869555999999
