above,current,suggested,delta
CyberRat Assignments,-0.036253756,-0.19577028407999994,0.15951652807999994
 ReviewedActivities,0.330295048,-0.34887414463999994,0.6791691926399999
num_logins,0.141034132,0.10798077148000002,0.03305336051999999
act_per_day,0.391747425,-0.01104921008,0.40279663507999997
Crossword paticipation,-0.215294086,-0.34554700796000004,0.13025292196000005
Average number of activites accessed before each test,-0.042139106,-0.21131069792,0.16917159192
 TotalStudyGuideMaterials,1.36753416,0.38462413440000004,0.9829100255999998
