above,current,suggested,delta
CyberRat Assignments,0.223827539,-0.19577028407999994,0.41959782307999993
Unit Discussions paticipation,1.329738378,-0.25167818263999997,1.5814165606400001
Crossword paticipation,0.376764651,-0.34554700796000004,0.72231165896
days_no_activities,0.519805782,-0.17239862616000004,0.6922044081600001
Surveys,1.106329602,-0.06734180196,1.17367140396
Average number of activites accessed before each test,0.330038397,-0.21131069792,0.5413490949199999
 TotalStudyGuideMaterials,0.551464951,0.38462413440000004,0.1668408166
