above,current,suggested,delta
 ReviewedActivities,-0.237399566,-0.34887414463999994,0.11147457863999993
avg_due,1.241930245,0.24198599152,0.99994425348
Unit Discussions paticipation,1.035430085,-0.25167818263999997,1.2871082676399999
days_no_activities,0.679299885,-0.17239862616000004,0.8516985111600001
